{
    "4Pool": 0.06827221794629222,
    "USDC/USDM": 0.009702021716962434,
    "USDC/MONEY Curve LP": 0.0
}