{
  "4pool": 0.070793,
  "USDC/USDM": 0.009702021716962433,
  "USDC/MONEY": 0.0
}
